epoch,loss
0,0.03331748447201594
1,0.014427703680850014
2,0.012655109212889025
3,0.011140390258265177
4,0.0107920262509681
5,0.00968710965866706
6,0.009742972397417934
